{   "properties": {     "connectionReferences": {},     "definition": {       "$schema": "https://schema.management.azure.com/providers/Microsoft.Logic/schemas/2016-06-01/workflowdefinition.json#",       "actions": {         "Response": {           "inputs": {             "body": "@workflow()",             "schema": {               "properties": {                 "id": {                   "type": "string"                 },                 "location": {                   "type": "string"                 },                 "name": {                   "type": "string"                 },                 "run": {                   "properties": {                     "id": {                       "type": "string"                     },                     "name": {                       "type": "string"                     },                     "type": {                       "type": "string"                     }                   },                   "type": "object"                 },                 "tags": {                   "properties": {                     "environmentFlowSuspensionReason": {                       "type": "string"                     },                     "environmentName": {                       "type": "string"                     },                     "environmentWorkflowId": {                       "type": "string"                     },                     "flowDisplayName": {                       "type": "string"                     },                     "logicAppName": {                       "type": "string"                     },                     "sharingType": {                       "type": "string"                     },                     "xrmWorkflowId": {                       "type": "string"                     }                   },                   "type": "object"                 },                 "type": {                   "type": "string"                 }               },               "type": "object"             },             "statusCode": 200           },           "kind": "Http",           "runAfter": {},           "type": "Response"         }       },       "contentVersion": "1.0.0.0",       "outputs": {},       "parameters": {         "$authentication": {           "defaultValue": {},           "type": "SecureObject"         }       },       "triggers": {         "manual": {           "inputs": {             "schema": {               "properties": {},               "required": [],               "type": "object"             }           },           "kind": "PowerAppV2",           "type": "Request"         }       }     }   },   "schemaVersion": "1.0.0.0" }
