{   "properties": {     "connectionReferences": {       "shared_commondataservice": {         "api": {           "name": "shared_commondataservice"         },         "connection": {           "connectionReferenceLogicalName": "cat_CDSDevOps"         },         "runtimeSource": "invoker"       }     },     "definition": {       "$schema": "https://schema.management.azure.com/providers/Microsoft.Logic/schemas/2016-06-01/workflowdefinition.json#",       "actions": {         "Get_Users": {           "inputs": {             "authentication": "@parameters('$authentication')",             "host": {               "apiId": "/providers/Microsoft.PowerApps/apis/shared_commondataservice",               "connectionName": "shared_commondataservice",               "operationId": "GetItems_V2"             },             "parameters": {               "$filter": "accessmode ne 3 and accessmode ne 5 and isdisabled eq false",               "$orderby": "domainname",               "dataset": "@{triggerBody()['text_1']}.@{triggerBody()['text']}",               "table": "systemusers"             }           },           "runAfter": {},           "type": "OpenApiConnection"         },         "Response": {           "inputs": {             "body": "@outputs('Get_Users')?['body/value']",             "schema": {               "items": {                 "properties": {                   "@@odata.etag": {                     "type": "string"                   },                   "@@odata.id": {                     "type": "string"                   },                   "ItemInternalId": {                     "type": "string"                   },                   "_accessmode_label": {                     "type": "string"                   },                   "_address1_addresstypecode_label": {                     "type": "string"                   },                   "_address2_addresstypecode_label": {                     "type": "string"                   },                   "_businessunitid_type": {                     "type": "string"                   },                   "_businessunitid_value": {                     "type": "string"                   },                   "_calendarid_type": {                     "type": "string"                   },                   "_calendarid_value": {                     "type": "string"                   },                   "_caltype_label": {                     "type": "string"                   },                   "_createdby_type": {                     "type": "string"                   },                   "_createdby_value": {                     "type": "string"                   },                   "_defaultmailbox_type": {                     "type": "string"                   },                   "_defaultmailbox_value": {                     "type": "string"                   },                   "_emailrouteraccessapproval_label": {                     "type": "string"                   },                   "_incomingemaildeliverymethod_label": {                     "type": "string"                   },                   "_invitestatuscode_label": {                     "type": "string"                   },                   "_modifiedby_type": {                     "type": "string"                   },                   "_modifiedby_value": {                     "type": "string"                   },                   "_modifiedonbehalfby_type": {                     "type": "string"                   },                   "_modifiedonbehalfby_value": {                     "type": "string"                   },                   "_outgoingemaildeliverymethod_label": {                     "type": "string"                   },                   "_preferredaddresscode_label": {                     "type": "string"                   },                   "_preferredemailcode_label": {                     "type": "string"                   },                   "_preferredphonecode_label": {                     "type": "string"                   },                   "_queueid_type": {                     "type": "string"                   },                   "_queueid_value": {                     "type": "string"                   },                   "_transactioncurrencyid_type": {                     "type": "string"                   },                   "_transactioncurrencyid_value": {                     "type": "string"                   },                   "accessmode": {                     "type": "integer"                   },                   "address1_addresstypecode": {                     "type": "integer"                   },                   "address1_city": {                     "type": "string"                   },                   "address1_composite": {                     "type": "string"                   },                   "address1_country": {                     "type": "string"                   },                   "address1_line1": {                     "type": "string"                   },                   "address1_postalcode": {                     "type": "string"                   },                   "address1_stateorprovince": {                     "type": "string"                   },                   "address1_telephone1": {                     "type": "string"                   },                   "address2_addresstypecode": {                     "type": "integer"                   },                   "applicationid": {                     "type": "string"                   },                   "applicationiduri": {                     "type": "string"                   },                   "azureactivedirectoryobjectid": {                     "type": "string"                   },                   "caltype": {                     "type": "integer"                   },                   "createdon": {                     "type": "string"                   },                   "defaultfilterspopulated": {                     "type": "boolean"                   },                   "defaultodbfoldername": {                     "type": "string"                   },                   "displayinserviceviews": {                     "type": "boolean"                   },                   "domainname": {                     "type": "string"                   },                   "emailrouteraccessapproval": {                     "type": "integer"                   },                   "exchangerate": {                     "type": "integer"                   },                   "firstname": {                     "type": "string"                   },                   "fullname": {                     "type": "string"                   },                   "identityid": {                     "type": "integer"                   },                   "incomingemaildeliverymethod": {                     "type": "integer"                   },                   "internalemailaddress": {                     "type": "string"                   },                   "invitestatuscode": {                     "type": "integer"                   },                   "isdisabled": {                     "type": "boolean"                   },                   "isemailaddressapprovedbyo365admin": {                     "type": "boolean"                   },                   "isintegrationuser": {                     "type": "boolean"                   },                   "islicensed": {                     "type": "boolean"                   },                   "issyncwithdirectory": {                     "type": "boolean"                   },                   "lastname": {                     "type": "string"                   },                   "mobilephone": {                     "type": "string"                   },                   "modifiedon": {                     "type": "string"                   },                   "organizationid": {                     "type": "string"                   },                   "outgoingemaildeliverymethod": {                     "type": "integer"                   },                   "preferredaddresscode": {                     "type": "integer"                   },                   "preferredemailcode": {                     "type": "integer"                   },                   "preferredphonecode": {                     "type": "integer"                   },                   "setupuser": {                     "type": "boolean"                   },                   "systemuserid": {                     "type": "string"                   },                   "title": {                     "type": "string"                   },                   "userlicensetype": {                     "type": "integer"                   },                   "userpuid": {                     "type": "string"                   },                   "versionnumber": {                     "type": "integer"                   },                   "windowsliveid": {                     "type": "string"                   },                   "yomifullname": {                     "type": "string"                   }                 },                 "required": [                   "@@odata.id",                   "@@odata.etag",                   "ItemInternalId",                   "systemuserid",                   "accessmode",                   "_accessmode_label",                   "firstname",                   "issyncwithdirectory",                   "incomingemaildeliverymethod",                   "_incomingemaildeliverymethod_label",                   "internalemailaddress",                   "identityid",                   "domainname",                   "_queueid_value",                   "_queueid_type",                   "isintegrationuser",                   "createdon",                   "_calendarid_value",                   "_calendarid_type",                   "windowsliveid",                   "_address1_addresstypecode_label",                   "_businessunitid_value",                   "_businessunitid_type",                   "caltype",                   "_caltype_label",                   "modifiedon",                   "defaultfilterspopulated",                   "outgoingemaildeliverymethod",                   "_outgoingemaildeliverymethod_label",                   "emailrouteraccessapproval",                   "_emailrouteraccessapproval_label",                   "versionnumber",                   "_address2_addresstypecode_label",                   "_preferredphonecode_label",                   "fullname",                   "setupuser",                   "_preferredemailcode_label",                   "userlicensetype",                   "organizationid",                   "defaultodbfoldername",                   "isemailaddressapprovedbyo365admin",                   "invitestatuscode",                   "_invitestatuscode_label",                   "yomifullname",                   "isdisabled",                   "_defaultmailbox_value",                   "_defaultmailbox_type",                   "_preferredaddresscode_label",                   "lastname",                   "islicensed"                 ],                 "type": "object"               },               "type": "array"             },             "statusCode": 200           },           "kind": "Http",           "runAfter": {             "Get_Users": [               "Succeeded"             ]           },           "type": "Response"         }       },       "contentVersion": "1.0.0.0",       "outputs": {},       "parameters": {         "$authentication": {           "defaultValue": {},           "type": "SecureObject"         },         "$connections": {           "defaultValue": {},           "type": "Object"         }       },       "triggers": {         "manual": {           "inputs": {             "schema": {               "properties": {                 "text": {                   "description": "Please enter your input",                   "title": "Region Subdomain",                   "type": "string",                   "x-ms-content-hint": "TEXT",                   "x-ms-dynamically-added": true                 },                 "text_1": {                   "description": "Environment Unique Name",                   "title": "Environment Unique Name",                   "type": "string",                   "x-ms-content-hint": "TEXT",                   "x-ms-dynamically-added": true                 },                 "text_2": {                   "description": "ID of the Solution",                   "title": "Solution ID",                   "type": "string",                   "x-ms-content-hint": "TEXT",                   "x-ms-dynamically-added": true                 }               },               "required": [                 "text",                 "text_1",                 "text_2"               ],               "type": "object"             }           },           "kind": "PowerAppV2",           "type": "Request"         }       }     }   },   "schemaVersion": "1.0.0.0" }
