{   "properties": {     "connectionReferences": {       "shared_commondataservice": {         "api": {           "name": "shared_commondataservice"         },         "connection": {           "connectionReferenceLogicalName": "cat_CDSDevOps"         },         "runtimeSource": "invoker"       }     },     "definition": {       "$schema": "https://schema.management.azure.com/providers/Microsoft.Logic/schemas/2016-06-01/workflowdefinition.json#",       "actions": {         "Check_if_any_results_came_back_in_Solution_Components": {           "actions": {             "Append_an_empty_GUID_to_our_query": {               "inputs": {                 "name": "ObjectIds",                 "value": "00000000-0000-0000-0000-000000000000'"               },               "runAfter": {},               "type": "AppendToStringVariable"             }           },           "else": {             "actions": {               "Concatenate_the_Object_ID_for_each_Solution_Component": {                 "actions": {                   "Condition": {                     "actions": {                       "Append_objectid_on_first_iteration_of_loop": {                         "inputs": {                           "name": "ObjectIds",                           "value": "@concat(items('Concatenate_the_Object_ID_for_each_Solution_Component')['objectid'], '''')"                         },                         "runAfter": {},                         "type": "AppendToStringVariable"                       }                     },                     "else": {                       "actions": {                         "Append_objectid_on_subsequent_iterations_of_loop": {                           "inputs": {                             "name": "ObjectIds",                             "value": "@concat(concat(' or connectionreferenceid eq ''', items('Concatenate_the_Object_ID_for_each_Solution_Component')['objectid']), '''')"                           },                           "runAfter": {},                           "type": "AppendToStringVariable"                         }                       }                     },                     "expression": {                       "equals": [                         "@variables('ObjectIds')",                         "connectionreferenceid eq '"                       ]                     },                     "runAfter": {},                     "type": "If"                   }                 },                 "foreach": "@outputs('Get_Solution_Components')?['body/value']",                 "runAfter": {},                 "type": "Foreach"               }             }           },           "expression": {             "equals": [               "@length(body('Get_Solution_Components')?['value'])",               0             ]           },           "runAfter": {             "Initialize_ObjectIds": [               "Succeeded"             ]           },           "type": "If"         },         "Get_Solution_Components": {           "inputs": {             "authentication": "@parameters('$authentication')",             "host": {               "apiId": "/providers/Microsoft.PowerApps/apis/shared_commondataservice",               "connectionName": "shared_commondataservice",               "operationId": "GetItems_V2"             },             "parameters": {               "$filter": "_solutionid_value eq '@{triggerBody()['text_2']}' and (componenttype eq 10027 or componenttype eq 10035) ",               "dataset": "@{triggerBody()['text_1']}.@{triggerBody()['text']}",               "table": "solutioncomponents"             }           },           "runAfter": {},           "type": "OpenApiConnection"         },         "Initialize_ObjectIds": {           "inputs": {             "variables": [               {                 "name": "ObjectIds",                 "type": "string",                 "value": "connectionreferenceid eq '"               }             ]           },           "runAfter": {             "Get_Solution_Components": [               "Succeeded"             ]           },           "type": "InitializeVariable"         },         "Response": {           "inputs": {             "body": "@outputs('Retrieve_the_Solution_Connection_References')?['body/value']",             "schema": {               "items": {                 "properties": {                   "@@odata.etag": {                     "type": "string"                   },                   "@@odata.id": {                     "type": "string"                   },                   "ItemInternalId": {                     "type": "string"                   },                   "_componentstate_label": {                     "type": "string"                   },                   "_createdby_type": {                     "type": "string"                   },                   "_createdby_value": {                     "type": "string"                   },                   "_modifiedby_type": {                     "type": "string"                   },                   "_modifiedby_value": {                     "type": "string"                   },                   "_ownerid_type": {                     "type": "string"                   },                   "_ownerid_value": {                     "type": "string"                   },                   "_owningbusinessunit_type": {                     "type": "string"                   },                   "_owningbusinessunit_value": {                     "type": "string"                   },                   "_statecode_label": {                     "type": "string"                   },                   "_statuscode_label": {                     "type": "string"                   },                   "componentidunique": {                     "type": "string"                   },                   "componentstate": {                     "type": "integer"                   },                   "connectionid": {                     "type": "string"                   },                   "connectionreferencedisplayname": {                     "type": "string"                   },                   "connectionreferenceid": {                     "type": "string"                   },                   "connectionreferencelogicalname": {                     "type": "string"                   },                   "connectorid": {                     "type": "string"                   },                   "createdon": {                     "type": "string"                   },                   "iscustomizable": {                     "type": "boolean"                   },                   "ismanaged": {                     "type": "boolean"                   },                   "modifiedon": {                     "type": "string"                   },                   "overwritetime": {                     "type": "string"                   },                   "solutionid": {                     "type": "string"                   },                   "statecode": {                     "type": "integer"                   },                   "statuscode": {                     "type": "integer"                   },                   "versionnumber": {                     "type": "integer"                   }                 },                 "required": [                   "@@odata.id",                   "@@odata.etag",                   "ItemInternalId",                   "overwritetime",                   "connectionreferencelogicalname",                   "ismanaged",                   "connectionreferencedisplayname",                   "solutionid",                   "componentidunique",                   "connectionreferenceid",                   "statecode",                   "_statecode_label",                   "connectionid",                   "statuscode",                   "_statuscode_label",                   "_createdby_value",                   "_createdby_type",                   "_ownerid_value",                   "_ownerid_type",                   "componentstate",                   "_componentstate_label",                   "modifiedon",                   "connectorid",                   "_modifiedby_value",                   "_modifiedby_type",                   "versionnumber",                   "createdon",                   "_owningbusinessunit_value",                   "_owningbusinessunit_type",                   "iscustomizable"                 ],                 "type": "object"               },               "type": "array"             },             "statusCode": 200           },           "kind": "Http",           "runAfter": {             "Retrieve_the_Solution_Connection_References": [               "Succeeded"             ]           },           "type": "Response"         },         "Retrieve_the_Solution_Connection_References": {           "inputs": {             "authentication": "@parameters('$authentication')",             "host": {               "apiId": "/providers/Microsoft.PowerApps/apis/shared_commondataservice",               "connectionName": "shared_commondataservice",               "operationId": "GetItems_V2"             },             "parameters": {               "$filter": "@variables('ObjectIds')",               "$orderby": "connectionreferencedisplayname asc",               "dataset": "@{triggerBody()['text_1']}.@{triggerBody()['text']}",               "table": "connectionreferences"             }           },           "runAfter": {             "Check_if_any_results_came_back_in_Solution_Components": [               "Succeeded"             ]           },           "type": "OpenApiConnection"         }       },       "contentVersion": "1.0.0.0",       "outputs": {},       "parameters": {         "$authentication": {           "defaultValue": {},           "type": "SecureObject"         },         "$connections": {           "defaultValue": {},           "type": "Object"         }       },       "triggers": {         "manual": {           "inputs": {             "schema": {               "properties": {                 "text": {                   "description": "Region Subdomain",                   "title": "Region Subdomain",                   "type": "string",                   "x-ms-content-hint": "TEXT",                   "x-ms-dynamically-added": true                 },                 "text_1": {                   "description": "Environment Unique Name",                   "title": "Environment Unique Name",                   "type": "string",                   "x-ms-content-hint": "TEXT",                   "x-ms-dynamically-added": true                 },                 "text_2": {                   "description": "ID of the Solution",                   "title": "Solution ID",                   "type": "string",                   "x-ms-content-hint": "TEXT",                   "x-ms-dynamically-added": true                 }               },               "required": [                 "text",                 "text_1",                 "text_2"               ],               "type": "object"             }           },           "kind": "PowerAppV2",           "type": "Request"         }       }     }   },   "schemaVersion": "1.0.0.0" }
