{   "properties": {     "connectionReferences": {       "shared_webcontents": {         "api": {           "name": "shared_webcontents"         },         "connection": {           "connectionReferenceLogicalName": "cat_sharedwebcontents_74512"         },         "runtimeSource": "invoker"       }     },     "definition": {       "$schema": "https://schema.management.azure.com/providers/Microsoft.Logic/schemas/2016-06-01/workflowdefinition.json#",       "actions": {         "Get_Sharepoint_Sites_in_this_Tenant": {           "inputs": {             "authentication": "@parameters('$authentication')",             "host": {               "apiId": "/providers/Microsoft.PowerApps/apis/shared_webcontents",               "connectionName": "shared_webcontents",               "operationId": "InvokeHttp"             },             "parameters": {               "request/method": "GET",               "request/url": "https://graph.microsoft.com/v1.0/sites?search=*&$select=displayName,webUrl,id,name"             }           },           "runAfter": {},           "type": "OpenApiConnection"         },         "Response": {           "inputs": {             "body": "@outputs('Get_Sharepoint_Sites_in_this_Tenant')?['body']",             "schema": {               "properties": {                 "@@odata.context": {                   "type": "string"                 },                 "value": {                   "items": {                     "properties": {                       "displayName": {                         "type": "string"                       },                       "id": {                         "type": "string"                       },                       "name": {                         "type": "string"                       },                       "webUrl": {                         "type": "string"                       }                     },                     "required": [                       "id",                       "name",                       "webUrl"                     ],                     "type": "object"                   },                   "type": "array"                 }               },               "type": "object"             },             "statusCode": 200           },           "kind": "Http",           "runAfter": {             "Get_Sharepoint_Sites_in_this_Tenant": [               "Succeeded"             ]           },           "type": "Response"         }       },       "contentVersion": "1.0.0.0",       "outputs": {},       "parameters": {         "$authentication": {           "defaultValue": {},           "type": "SecureObject"         },         "$connections": {           "defaultValue": {},           "type": "Object"         }       },       "triggers": {         "manual": {           "inputs": {             "schema": {               "properties": {},               "required": [],               "type": "object"             }           },           "kind": "PowerAppV2",           "type": "Request"         }       }     }   },   "schemaVersion": "1.0.0.0" }
