{   "properties": {     "connectionReferences": {},     "definition": {       "$schema": "https://schema.management.azure.com/providers/Microsoft.Logic/schemas/2016-06-01/workflowdefinition.json#",       "actions": {         "Response": {           "inputs": {             "body": "@triggerBody()['text']",             "schema": {               "items": {                 "properties": {                   "Name": {                     "type": "string"                   },                   "Value": {                     "type": "string"                   }                 },                 "required": [                   "Name",                   "Value"                 ],                 "type": "object"               },               "type": "array"             },             "statusCode": 200           },           "kind": "Http",           "runAfter": {},           "type": "Response"         }       },       "contentVersion": "1.0.0.0",       "outputs": {},       "parameters": {         "$authentication": {           "defaultValue": {},           "type": "SecureObject"         }       },       "triggers": {         "manual": {           "inputs": {             "schema": {               "properties": {                 "text": {                   "description": "Enter the Settings JSON",                   "title": "SettingsJson",                   "type": "string",                   "x-ms-content-hint": "TEXT",                   "x-ms-dynamically-added": true                 }               },               "required": [                 "text"               ],               "type": "object"             }           },           "kind": "PowerAppV2",           "type": "Request"         }       }     }   },   "schemaVersion": "1.0.0.0" }
