﻿<?xml version="1.0" encoding="utf-8"?>
<ImportExportXml version="9.2.21062.134" SolutionPackageVersion="9.2" languagecode="1033" generatedBy="CrmLive" xmlns:xsi="http://www.w3.org/2001/XMLSchema-instance">
  <SolutionManifest>
    <UniqueName>ALMAcceleratorSampleSolution</UniqueName>
    <LocalizedNames>
      <LocalizedName description="ALM Accelerator Sample Solution" languagecode="1033" />
    </LocalizedNames>
    <Descriptions />
    <Version>1.0.20210723.4</Version>
    <Managed>0</Managed>
    <Publisher>
      <UniqueName>powercat</UniqueName>
      <LocalizedNames>
        <LocalizedName description="Power CAT" languagecode="1033" />
      </LocalizedNames>
      <Descriptions>
        <Description description="PowerCAT" languagecode="1033" />
      </Descriptions>
      <EMailAddress xsi:nil="true"></EMailAddress>
      <SupportingWebsiteUrl xsi:nil="true"></SupportingWebsiteUrl>
      <CustomizationPrefix>cat</CustomizationPrefix>
      <CustomizationOptionValuePrefix>80906</CustomizationOptionValuePrefix>
      <Addresses>
        <Address>
          <AddressNumber>1</AddressNumber>
          <AddressTypeCode>1</AddressTypeCode>
          <City xsi:nil="true"></City>
          <County xsi:nil="true"></County>
          <Country xsi:nil="true"></Country>
          <Fax xsi:nil="true"></Fax>
          <FreightTermsCode xsi:nil="true"></FreightTermsCode>
          <ImportSequenceNumber xsi:nil="true"></ImportSequenceNumber>
          <Latitude xsi:nil="true"></Latitude>
          <Line1 xsi:nil="true"></Line1>
          <Line2 xsi:nil="true"></Line2>
          <Line3 xsi:nil="true"></Line3>
          <Longitude xsi:nil="true"></Longitude>
          <Name xsi:nil="true"></Name>
          <PostalCode xsi:nil="true"></PostalCode>
          <PostOfficeBox xsi:nil="true"></PostOfficeBox>
          <PrimaryContactName xsi:nil="true"></PrimaryContactName>
          <ShippingMethodCode>1</ShippingMethodCode>
          <StateOrProvince xsi:nil="true"></StateOrProvince>
          <Telephone1 xsi:nil="true"></Telephone1>
          <Telephone2 xsi:nil="true"></Telephone2>
          <Telephone3 xsi:nil="true"></Telephone3>
          <TimeZoneRuleVersionNumber xsi:nil="true"></TimeZoneRuleVersionNumber>
          <UPSZone xsi:nil="true"></UPSZone>
          <UTCOffset xsi:nil="true"></UTCOffset>
          <UTCConversionTimeZoneCode xsi:nil="true"></UTCConversionTimeZoneCode>
        </Address>
        <Address>
          <AddressNumber>2</AddressNumber>
          <AddressTypeCode>1</AddressTypeCode>
          <City xsi:nil="true"></City>
          <County xsi:nil="true"></County>
          <Country xsi:nil="true"></Country>
          <Fax xsi:nil="true"></Fax>
          <FreightTermsCode xsi:nil="true"></FreightTermsCode>
          <ImportSequenceNumber xsi:nil="true"></ImportSequenceNumber>
          <Latitude xsi:nil="true"></Latitude>
          <Line1 xsi:nil="true"></Line1>
          <Line2 xsi:nil="true"></Line2>
          <Line3 xsi:nil="true"></Line3>
          <Longitude xsi:nil="true"></Longitude>
          <Name xsi:nil="true"></Name>
          <PostalCode xsi:nil="true"></PostalCode>
          <PostOfficeBox xsi:nil="true"></PostOfficeBox>
          <PrimaryContactName xsi:nil="true"></PrimaryContactName>
          <ShippingMethodCode>1</ShippingMethodCode>
          <StateOrProvince xsi:nil="true"></StateOrProvince>
          <Telephone1 xsi:nil="true"></Telephone1>
          <Telephone2 xsi:nil="true"></Telephone2>
          <Telephone3 xsi:nil="true"></Telephone3>
          <TimeZoneRuleVersionNumber xsi:nil="true"></TimeZoneRuleVersionNumber>
          <UPSZone xsi:nil="true"></UPSZone>
          <UTCOffset xsi:nil="true"></UTCOffset>
          <UTCConversionTimeZoneCode xsi:nil="true"></UTCConversionTimeZoneCode>
        </Address>
      </Addresses>
    </Publisher>
    <RootComponents>
      <RootComponent type="1" schemaName="cat_almacceleratorsample" behavior="0" />
      <RootComponent type="20" id="{79494e90-ff93-eb11-b1ac-0022481c50f0}" behavior="0" />
      <RootComponent type="29" id="{0a43b549-50ed-ea11-a815-000d3af3a7c4}" behavior="0" />
      <RootComponent type="29" id="{71cc728c-2487-eb11-a812-000d3a8fe6a3}" behavior="0" />
      <RootComponent type="29" id="{d2f7f0e2-a1a9-eb11-b1ac-000d3a53c3c2}" behavior="0" />
      <RootComponent type="60" id="{380eed98-23d6-431c-b64c-27c954a94a3c}" behavior="0" />
      <RootComponent type="62" schemaName="cat_AlmAcceleratorSampleMda" behavior="0" />
      <RootComponent type="80" schemaName="cat_AlmAcceleratorSampleMda" behavior="0" />
      <RootComponent type="300" schemaName="cat_devopskitsamplecanvasapp_c7ec5" behavior="0" />
      <RootComponent type="372" id="{b464e249-0bf7-48c0-8350-24476349bac1}" schemaName="cat_5Fenvironmentvariableconnector" behavior="0" />
    </RootComponents>
    <MissingDependencies>
      <MissingDependency>
        <Required type="1" schemaName="environmentvariabledefinition" displayName="Environment Variable Definition" solution="EnvironmentVariables (1.0.2.80)" />
        <Dependent type="29" displayName="DevOpsKitSampleFlow" id="{0a43b549-50ed-ea11-a815-000d3af3a7c4}" />
      </MissingDependency>
      <MissingDependency>
        <Required type="61" schemaName="msdyn_/Images/AppModule_Default_Icon.png" displayName="msdyn_/Images/AppModule_Default_Icon.png" solution="AppModuleWebResources (2.5)" />
        <Dependent type="80" schemaName="cat_AlmAcceleratorSampleMda" displayName="AlmAcceleratorSampleMda" />
      </MissingDependency>
    </MissingDependencies>
  </SolutionManifest>
</ImportExportXml>