{   "basePath": "/",   "consumes": [],   "definitions": {},   "host": "not-valid-subdomain.azurewebsites.net",   "info": {     "description": "",     "title": "EnvironmentVariableConnector",     "version": "1.0"   },   "parameters": {},   "paths": {     "/api/GetResponse": {       "get": {         "operationId": "GetResponse",         "parameters": [           {             "in": "header",             "name": "hostUrl",             "required": true,             "type": "string"           },           {             "in": "header",             "name": "baseUrl",             "required": true,             "type": "string"           }         ],         "responses": {           "default": {             "description": "default",             "schema": {               "properties": {                 "message": {                   "description": "message",                   "type": "string"                 }               },               "type": "object"             }           }         },         "summary": "GetResponse"       }     }   },   "produces": [],   "responses": {},   "schemes": [     "https"   ],   "security": [],   "securityDefinitions": {},   "swagger": "2.0",   "tags": [] }
