[   {     "Parameters": {       "x-ms-apimTemplateParameter.urlTemplate": "@headers('hostUrl')"     },     "TemplateId": "dynamichosturl",     "Title": "Set host URL"   },   {     "Parameters": {       "x-ms-apimTemplate-operationName": [         "GetResponse"       ],       "x-ms-apimTemplateParameter.httpMethod": "@Request.OriginalHTTPMethod",       "x-ms-apimTemplateParameter.newPath": "/@headers('baseUrl')/GetResponse"     },     "TemplateId": "routerequesttoendpoint",     "Title": "Route GetResponse request"   } ]
