{   "properties": {     "connectionReferences": {},     "definition": {       "$schema": "https://schema.management.azure.com/providers/Microsoft.Logic/schemas/2016-06-01/workflowdefinition.json#",       "actions": {         "Respond_to_Canvas_App_with_Environment_Variables": {           "inputs": {             "body": {               "connectorbaseurl": "@parameters('ConnectorBaseUrl')",               "connectorhosturl": "@parameters('ConnectorHostUrl')",               "decimalenvironmentvariable": "@{parameters('DecimalEnvironmentVariable')}",               "textenvironmentvariable": "@parameters('TextEnvironmentVariable')"             },             "schema": {               "properties": {                 "connectorbaseurl": {                   "title": "ConnectorBaseUrl",                   "type": "string",                   "x-ms-dynamically-added": true                 },                 "connectorhosturl": {                   "title": "ConnectorHostUrl",                   "type": "string",                   "x-ms-dynamically-added": true                 },                 "decimalenvironmentvariable": {                   "title": "DecimalEnvironmentVariable",                   "type": "string",                   "x-ms-dynamically-added": true                 },                 "textenvironmentvariable": {                   "title": "TextEnvironmentVariable",                   "type": "string",                   "x-ms-dynamically-added": true                 }               },               "type": "object"             },             "statusCode": 200           },           "kind": "PowerApp",           "runAfter": {},           "type": "Response"         }       },       "contentVersion": "1.0.0.0",       "outputs": {},       "parameters": {         "$authentication": {           "defaultValue": {},           "type": "SecureObject"         },         "ConnectorBaseUrl": {           "defaultValue": "api",           "metadata": {             "schemaName": "cat_ConnectorBaseUrl"           },           "type": "String"         },         "ConnectorHostUrl": {           "defaultValue": "https://dkdt-dev-cc.azurewebsites.net",           "metadata": {             "schemaName": "cat_ConnectorHostUrl"           },           "type": "String"         },         "DecimalEnvironmentVariable": {           "defaultValue": 989898,           "metadata": {             "schemaName": "cat_DecimalEnvironmentVariable"           },           "type": "Int"         },         "TextEnvironmentVariable": {           "defaultValue": "DEV",           "metadata": {             "schemaName": "cat_TextEnvironmentVariable"           },           "type": "String"         }       },       "triggers": {         "manual": {           "inputs": {             "schema": {               "properties": {},               "required": [],               "type": "object"             }           },           "kind": "PowerApp",           "type": "Request"         }       }     }   },   "schemaVersion": "1.0.0.0" }
